field_1,field_2,field_3,field_4,field_5,field_6,field_7,field_8,field_9,field_10,field_11,field_12,field_13,field_14,field_15,field_16,field_17,pct_post_gray
Allendale/Irvington/S. Hilton,"40.57470555589813","46.18610100511809","45.446136770056114","47.296047357711046","55.1273","59.32046618","49.57760375","61.10871308","62.40365049022631","60.86205833","51.92878338278932","44.44294578","44.442945778257354","63.86565956298894","57.40264455","7.662099905",7.662
Beechfield/Ten Hills/West Hills,"33.59425962165688","36.12198303979126","36.61121983039791","36.04044357469015","46.559","37.34507502","39.54664057","44.43900848","45.662100456621005","38.56816699","30.70429529090458","29.62840354","24.662749317222545","43.78051808325747","30.32142567","17.23237417",17.232
Belair-Edison,"50.29857602204869","57.07395498392283","52.652733118971064","57.36104731","56.6146","52.53789619","52.76757005","61.89710611","53.226917776757006","49.89664676","43.950944647000334","37.38813391","40.96784885647995","61.45177328471992","22.17398214","16.9665665",16.967
Brooklyn/Curtis Bay/Hawkins Point,"81.65414589622972","79.05637857193007","62.13578600014042","61.293266867935124","54.9042","61.64431651","80.3903672","98.50452854","85.44548199115356","62.83788528","55.64210994880926","61.57726834","83.98249128","93.10779731434083","14.02702985","51.04035958",51.040
Canton,"60.98765432098766","64.81481481481481","57.901234567901234","56.41975308641975","46.5432","51.2345679","45.55555556","43.95061728","58.641975308641975","52.22222222","35.92669013229761","38.23279524","47.09309382206579","76.34421653113242","25.17978824","49.00919371",49.009
Cedonia/Frankford,"43.72373392197648","48.393258903935134","46.69524981958653","52.17132911661078","52.2987","53.57218661","48.223458","59.26051704","53.10523411","52.55338116","40.21376085504342","36.07214429","39.14495657982632","59.89757292362503","36.99098304","11.80722071",11.807
Cherry Hill,"59.98536942209217","64.74030724213605","59.13191904413558","50.59741526456962","53.5235","57.30309681","65.10607169","66.93489393","67.05681541","49.13435747","40.42155816435432","46.69156884","51.22732124","57.49733191035219","-4.147740584","0.338960913",0.339
Chinquapin Park/Belvedere,"43.57916451779268","33.39350180505416","44.48169159360496","42.805569881382155","47.705","52.47550284","40.61371841","42.41877256","35.456420835482206","31.84631253","26.87352818949993","19.67031445","26.31943482476797","45.851225931569466","5.213641516","-12.62356061",-12.624
Orchard Ridge/Armistead,"52.60600170088689","63.17579880937918","48.96124407726886","50.05467136435427","46.2884","48.11080063","55.88628356","62.93281497","52.97047746324869","64.02624225","48.10238305383936","44.68225949","52.84642541924095","71.05030891438659","35.06122233","47.68057896",47.681
Clifton-Berea,"57.92991695361556","60.968199311322664","56.41077577","57.11970832489366","54.9929","66.53838363","67.95624873","67.75369658","66.53838363","65.32307069","70.34446351","70.87237693","70.87237693018345","70.87237693018345","22.34158213","6.513523569",6.514
Cross-Country/Cheswolde,"15.421206076415528","15.26776123983428","14.653981893509284","17.49271137026239","14.5773","23.70722725","21.48227712","20.02455117","14.116924965474912","14.73070431","13.395897979262847","10.14152728","12.260652387799894","23.46174222","52.13947669","-1.035486046",-1.035
Dickeyville/Franklintown,"49.50012192148257","42.18483296756889","38.03950256035114","38.03950256035113","29.2612","31.94342843","32.67495733","32.91880029","26.335040234089245","34.86954401","26.96078431372549","31.59041394","29.139433551198255","45.47930283224401","-8.12284684","42.37451979",42.375
Dorchester/Ashburton,"52.35024605464109","50.65331749533345","48.701849652129646","55.06533174953335","56.4229","50.31393178","50.48362464","57.18649245","47.68369251654506","47.51399966","43.76975385499473","45.78105545","52.38961785","52.964275452542864","1.172925524","5.267613917",5.268
Downtown/Seton Hill,"424.44260941370777","313.68290412659013","331.3682904","291.9640086875582","243.252","268.2283587","299.1002172","270.8656531","296.46292274278625","312.7520943","134.6316680779001","142.5698561","172.73497036409822","207.7688399661304","-51.04901455","-22.54031566",-22.540
Edmondson Village,"28.481012658227844","40.50632911392405","43.79746835443038","36.835443037974684","38.8608","42.15189873","32.53164557","51.51898734","40.88607594936708","44.17721519","32.84928803045256","28.61976597","32.42633582405188","53.57394614408572","88.10407757","27.09734972",27.097
Fells Point,"62.28565106759598","87.84157539550836","91.0498949","78.21661688","71.0256","80.20798761","59.6304901","65.27270716","73.45945348","75.22956079","40.32712915961647","48.69336341","64.86181613085166","81.21827411167511","30.396444","1.259583405",1.260
Forest Park/Walbrook,"48.735912275357904","45.28378515585339","46.80678241445832","51.37577419027312","49.9543","51.68037364","51.17270789","52.08650624","51.07117473855214","53.0003046","42.22363674941651","36.28262253","38.086144706131975","56.33354551241248","15.5893937","9.003750447",9.004
Glen-Fallstaff,"53.573823253319034","51.562290465334584","54.98189620490814","58.267399758616065","51.8305","55.0489473","52.29985249","67.72160386","57.328684457556655","56.79227571","45.38870111","44.28502449","51.25198317","60.150375939849624","12.27568295","9.267077556",9.267
Greater Charles Village/Barclay,"74.30907205","67.29302666097249","69.24531755231529","70.09944481727779","68.8183","71.13659935","72.05173571","67.17100848","72.35678116","64.12055396","43.08309726156752","50.28328612","54.41454202077431","61.55571293673277","-17.16258697","-13.4682941",-13.468
Greater Govans,"42.224510813594236","38.19867053646662","44.37786724089505","39.97753019380208","39.8839","48.96545267","38.01142215","51.58693006","41.47551727366351","34.64095122","34.50432607109351","32.00250182","38.048577087459606","54.31043469196289","28.62300509","10.91582275",10.916
Greater Mondawmin,"112.42222698991633","107.05857112207681","98.58399485089036","93.86397768719159","102.875","104.2694701","90.32396481","82.60030036","84.31667024243724","81.52756919","67.60824264876129","70.7339662","73.62815466543181","95.39245196","-15.14804989","-8.513535296",-8.514
Greater Roland Park/Poplar Hill,"32.12688084587231","28.602412904974923","29.415751660566627","30.771316253219467","28.1957","27.92463061","27.11129185","25.6201708","21.68903348244544","26.43350956","20.183990113964025","23.34202938","20.458602224358096","29.383495812165318","-8.539219997","5.224295435",5.224
Greater Rosemont,"63.50277792201049","66.41050937224155","60.02388493691261","63.19123526662859","63.0355","63.24315904","63.97009191","72.95290514","68.53938418401786","61.47775066","66.22955163","59.47413736","67.42168355520232","78.87939598648917","24.21408727","24.72399732",24.724
Oliver/Johnson Square,"57.36925515055468","77.95698924731182","87.48778103616814","79.66764418377322","66.4712","76.00195503","82.23362659","86.02150538","69.15933528836754","66.9599218","65.27677929547089","62.2573688","77.06685837526959","79.07979870596694","37.84351653","4.049690136",4.050
Hamilton,"40.83987078910937","45.37763421012152","42.14736194431626","47.22350407629595","50.1461","47.53114905","37.53268728","47.83879403","39.84002461159822","36.45592986","27.03575175530627","25.42167702","32.28149463320152","42.61157292","4.338167806","-10.35021502",-10.350
Harbor East/Little Italy,"119.28980950619568","165.34122433882004","139.2639171444424","155.53911596079158","159.423","157.7584613","127.7972998","113.5565008","121.32420935823932","98.02108378","76.58643326039387","88.3230555","90.31231350706187","130.29639944300774","9.226764618","-17.40766335",-17.408
Hamilton Hills,"41.45139260051072","49.29033790605143","41.45139260051072","45.60840905041867","44.2425","45.667795","38.54148109","47.74630322","35.69095551992399","35.80972742","27.59878419452888","22.12765957","25.896656534954406","47.29483282674772","14.09709025","3.562768526",3.563
Highlandtown,"77.51724137931035","71.44827586206897","76.13793103448276","96.13793103448276","88.8276","94.89655172","85.79310345","98.48275862","106.48275862068965","83.5862069","46.71201814058957","58.04988662","65.75963718820861","89.45578231292517","15.40114266","-5.733368925",-5.733
Howard Park/West Arlington,"50.49204451","48.19277108433735","46.9971489","57.57380667709004","45.3417","48.4686839","45.98546859","53.4351145","44.697875471351054","55.55044606","41.23162156403154","40.27274664","43.042829746430854","53.80353718303857","6.558444406","11.00680451",11.007
Inner Harbor/Federal Hill,"165.15337423312883","81.36911707506806","97.78296382730454","88.29249319","79.2688","65.88875924","69.15597044","61.68805912","69.38934266822248","67.21120187","33.32451732","46.48241206","53.491139910076704","79.41020893943401","-51.91729548","20.52163352",20.522
Greater Lauraville,"39.59912001955512","47.17672941","40.33243705695429","43.347184877373095","38.8658","41.8805508","35.1992178","43.18422554","33.406665037073246","31.69559195","29.406570116566584","24.10808901","21.723772518544685","43.624161073825505","10.16447096","4.163293559",4.163
Loch Raven,"34.28907321533538","37.81594931748416","42.45313826660571","42.71438834824636","43.6941","39.38344981","29.52125923","37.68532428","31.154072235647572","28.34563386","25.63378292493468","28.59967516","33.40159593249064","64.40223148082764","87.82144118","63.52613037",63.526
Madison/East End,"65.54427451484385","73.512402","78.52461123248939","86.23570235","71.8417","83.02274772","86.74977509","118.8793214","91.50494795013495","84.56496594","87.31331035614639","76.15296242","83.04611849663549","83.04611849663549","26.70232314","0.028149847",0.028
Hampden/Remington,"51.18472509776858","46.526340004600875","44.80101219231654","56.36070853462157","51.4723","55.78559926","48.30917874","47.33149298","51.18472509776858","46.12376352","36.654824338803365","39.41803417","43.196300682343654","54.70027632098348","6.868360075","-1.945525285",-1.946
Midtown,"92.87616511318242","99.53395472703062","95.80559254327562","92.01065246338216","84.221","87.54993342","85.61917443","80.29294274","79.36085219707057","87.68308921","45.73366863559272","67.48932686","64.50669629802913","80.35557634949413","-13.48094934","-8.217432943",-8.217
Midway/Coldstream,"66.39650872817955","72.63092269326684","72.42310889443058","68.37073981712385","69.9293","79.80049875","64.42227764","76.26766417","74.81296758104739","62.86367415","73.85364534018666","70.74259435","84.67469227647776","83.32206140944136","25.49163052","4.412958208",4.413
Morrell Park/Violetville,"68.04997768853191","62.80678268630076","54.32842481035252","59.794734493529674","58.7907","67.04596162","78.75948237","76.75145025","75.85899152164212","70.05800982","56.91246932336099","63.33995559","77.24669861","76.66238167582097","12.65599825","14.34302652",14.343
Mount Washington/Coldspring,"33.088235294117645","28.83126935","32.89473684210526","28.83126935","29.9923","41.02167183","35.99071207","46.82662539","36.37770897832817","31.54024768","17.098445595854923","12.60794473","14.162348877374784","18.825561312607945","-43.10497026","-54.10825431",-54.108
North Baltimore/Guilford/Homeland,"25.82455336692625","27.71415483","25.423728813559325","32.75309207512598","29.9473","38.25011452","32.00870362","28.74484654","20.499312872194228","21.98808978","13.899920571882445","12.19788948","18.38193577669352","26.268013162373766","1.717202188","-31.32566139",-31.326
Northwood,"39.89665324761161","46.08544132668389","39.235714714895146","37.31298443790182","41.8194","42.30006609","31.48470829","39.29580004","34.368803701255786","31.00402572","28.624509736461846","32.61542696","35.230165829491504","55.80403220257345","39.87146204","31.92421989",31.924
Oldtown/Middle East,"102.40274599542334","97.89442171439975","90.90909091","95.69903203273125","82.6265","97.79463127","108.8713701","110.5678076","113.6613112463826","109.969065","78.62923369","71.93525827","78.72914377060646","99.71026076531123","-2.629309599","1.958828895",1.959
Greektown/Bayview,"85.86135144014895","91.22768590515825","85.64231738035265","93.63706056291753","81.0426","106.4505531","105.7934509","115.8690176","112.47398970539919","100.9747016","67.46652756042427","65.03216832","73.46548426360633","83.20292123109024","-3.096189571","-21.83890191",-21.839
Patterson Park North & East,"75.67530414461476","82.61736201800811","79.38689944","89.55941989140148","79.4556","93.06481545","95.60794556","112.5163241","90.10928586157124","86.81009004","49.93016759776536","61.24301676","70.67039106","85.19553072625698","12.58036117","-8.455703357",-8.456
Penn North/Reservoir Hill,"64.23251965246172","62.99131154323541","71.47290028961523","60.81919735208937","59.578","64.23251965","66.71493587","65.8874638","67.12867190732314","65.8874638","58.845391476709615","57.35877106","63.18136769078295","66.89791873141725","4.149610031","4.149610035",4.150
Pimlico/Arlington/Hilltop,"58.05687204","54.58700067704807","57.041299932295196","58.22613405551794","55.6872","61.61137441","67.95870007","65.16587678","53.74069058903182","54.24847664","58.55375427","56.63395904","63.459897610921495","62.60665529010238","7.83676952","1.615417428",1.615
Poppleton/The Terraces/Hollins Market,"80.22021234762092","89.85450255603618","69.79944946913095","84.93904836806921","81.9898","85.72552104","86.70861188","82.97286669","79.23712151002752","64.88399528","53.08798646362098","57.52961083","58.37563452","89.46700507614213","11.52676172","4.364492616",4.364
Sandtown-Winchester/Harlem Park,"69.48174006444684","64.17830290010741","63.305585392051555","68.67615467239527","63.1042","72.43555317","72.90547798","66.52792696","63.305585392051555","57.33082707","76.06115278700979","65.42588548","58.968758902288485","79.28971607634602","14.11590441","9.462429161",9.462
South Baltimore,"35.55035550355504","43.55291913830784","53.231345613487356","47.611614111770216","49.7971","41.83577896","32.46955979","27.7864502","35.123321885732125","38.4014986","17.42202729044834","25.9502924","22.538986354775826","49.09844054580897","38.10956276","17.35992915",17.360
Southeastern,"57.82747603833865","67.73162939297124","61.82108626198083","62.46006389776358","83.7061","102.715655","97.60383387","96.00638978","96.64536741214059","93.92971246","61.57708210277614","62.02008269","73.83343177790903","94.35912581216775","63.17351591","-8.135594509",-8.136
Southern Park Heights,"59.54531767539898","55.028605841613974","55.85666967780789","58.03974706","51.5658","56.08250527","56.91056911","49.45799458","40.72568503462812","49.08160193","51.407129455909946","49.81238274","48.405253283302066","63.60225140712945","6.813186813","13.40836345",13.408
Southwest Baltimore,"79.34022924","82.69499581","76.04137545429131","83.70142577578976","80.6821","91.30556332","91.86469108","96.28180039","80.57031031590718","85.26698351","89.77177951323071","90.22670407","97.12639320645992","97.73295928425203","23.18209844","7.0394352",7.039
The Waverlies,"70.55333419321553","78.42125628788855","80.35599123","81.64581452","75.1967","85.90223139","66.42589965","79.58209725","78.29227395846769","63.45930608","44.62786793508674","38.89199776","56.23950755456072","80.02238388360381","13.4211229","-6.844813471",-6.845
Upton/Druid Heights,"65.22103148024112","87.99071746277316","87.41055888609553","79.09495262","77.9346","98.33687875","95.33939277","84.21968671","74.74376329530072","80.35196287","68.64064602960968","70.09869897","84.67922835352176","82.77254374158815","26.91081675","-15.82756663",-15.828
Pigtown/Carroll Park,"123.93240050881337","111.21206614573869","121.38833363619844","141.37743049245864","139.379","151.553698","146.4655642","131.9280393","140.6505542431401","148.2827549","104.2590094430526","119.0980921","134.51532087107344","154.36500289073038","24.55580805","1.854989306",1.855
Westport/Mount Winans/Lakeland,"78.52226436297232","79.78648686613288","76.55569602472258","73.74631268436579","71.2179","69.11083017","92.56918106","95.79997191","80.9102402","59.13751931","58.02872991039681","55.89532072","66.27791210354147","76.09159436779974","-3.09551694","10.10082527",10.101
